date,location,weight_class,title_bout,winner,red_Fighter,blue_Fighter,red_KD,blue_KD,red_Sig. str.,blue_Sig. str.,red_Sig. str. %,blue_Sig. str. %,red_Total str.,blue_Total str.,red_Td,blue_Td,red_Td %,blue_Td %,red_Sub. att,blue_Sub. att,red_Rev.,blue_Rev.,red_Ctrl,blue_Ctrl,red_Height,red_Weight,red_Reach,red_STANCE,red_DOB,red_SLpM,red_Str. Acc.,red_SApM,red_Str. Def,red_TD Avg.,red_TD Acc.,red_TD Def.,red_Sub. Avg.,red_record,blue_Height,blue_Weight,blue_Reach,blue_STANCE,blue_DOB,blue_SLpM,blue_Str. Acc.,blue_SApM,blue_Str. Def,blue_TD Avg.,blue_TD Acc.,blue_TD Def.,blue_Sub. Avg.,blue_record
"May 11, 2024","St. Louis, Missouri, USA",Heavyweight,N,W,Derrick Lewis,Rodrigo Nascimento,1,0,41 of 75,27 of 41,54%,65%,47 of 81,72 of 92,1 of 4,1 of 1,25%,100%,0,0,1,0,3:23,4:46,"6' 3""",260 lbs.,"79""",Orthodox,"Feb 07, 1985",2.48,50%,2.48,40%,0.57,26%,52%,0.0, 28-12-0 (1 NC),"6' 2""",246 lbs.,"80""",Orthodox,"Nov 26, 1992",4.05,49%,4.62,43%,1.23,37%,76%,0.6, 11-2-0 (1 NC)
"May 11, 2024","St. Louis, Missouri, USA",Welterweight,N,W,Joaquin Buckley,Nursulton Ruziboev,1,0,86 of 156,31 of 72,55%,43%,113 of 187,43 of 87,4 of 4,0 of 0,100%,---,0,0,1,1,5:30,0:34,"5' 10""",170 lbs.,"76""",Southpaw,"Apr 27, 1994",4.25,36%,3.12,58%,1.69,44%,69%,0.0, 19-6-0,"6' 5""",170 lbs.,"76""",Orthodox,"Nov 19, 1993",2.5,43%,4.6,49%,0.77,100%,0%,0.0, 34-9-2 (2 NC)
"May 11, 2024","St. Louis, Missouri, USA",Light Heavyweight,N,L,Alonzo Menifield,Carlos Ulberg,0,1,1 of 4,7 of 11,25%,63%,1 of 4,7 of 11,0 of 0,0 of 0,---,---,0,0,0,0,0:00,0:02,"6' 0""",205 lbs.,"76""",Orthodox,"Oct 18, 1987",3.92,57%,3.57,49%,0.67,33%,75%,0.3, 15-4-1,"6' 4""",205 lbs.,"77""",Orthodox,"Nov 07, 1990",7.41,59%,3.6,52%,0.95,75%,75%,0.3, 11-1-0
"May 11, 2024","St. Louis, Missouri, USA",Lightweight,N,W,Diego Ferreira,Mateusz Rebecki,0,1,123 of 241,52 of 137,51%,37%,151 of 272,60 of 146,3 of 3,4 of 5,100%,80%,0,0,0,0,2:12,2:26,"5' 9""",155 lbs.,"74""",Orthodox,"Jan 18, 1985",5.04,39%,3.43,56%,0.96,30%,60%,0.6, 19-5-0,"5' 7""",155 lbs.,"66""",Southpaw,"Nov 03, 1992",4.69,48%,4.15,54%,4.12,75%,33%,1.0, 19-2-0
"May 11, 2024","St. Louis, Missouri, USA",Featherweight,N,L,Alex Caceres,Sean Woodson,0,0,82 of 197,101 of 226,41%,44%,85 of 200,101 of 226,0 of 0,0 of 0,---,---,0,0,0,0,0:12,0:00,"5' 10""",145 lbs.,"73""",Southpaw,"Jun 20, 1988",4.21,49%,3.09,62%,0.54,68%,64%,0.7, 21-15-0 (1 NC),"6' 2""",145 lbs.,"78""",Orthodox,"Jun 07, 1992",5.58,46%,4.19,58%,0.66,62%,84%,0.4, 12-1-1
"May 11, 2024","St. Louis, Missouri, USA",Heavyweight,N,W,Waldo Cortes-Acosta,Robelis Despaigne,0,0,52 of 101,26 of 52,51%,50%,130 of 204,28 of 59,3 of 4,0 of 0,75%,---,1,0,0,0,9:49,0:19,"6' 4""",260 lbs.,"78""",Orthodox,"Oct 03, 1991",5.64,48%,3.6,52%,0.55,60%,60%,0.2, 12-1-0,"6' 7""",265 lbs.,"84""",Orthodox,"Sep 09, 1988",2.16,54%,3.53,49%,0.0,0%,25%,0.0, 5-1-0
"May 11, 2024","St. Louis, Missouri, USA",Lightweight,N,W,Chase Hooper,Viacheslav Borshchev,1,0,62 of 109,2 of 6,56%,33%,129 of 217,2 of 6,1 of 1,0 of 0,100%,---,2,0,0,0,6:03,0:01,"6' 1""",155 lbs.,"74""",Southpaw,"Sep 13, 1999",5.08,52%,3.33,36%,1.45,24%,55%,2.3, 14-3-1,"5' 11""",155 lbs.,"69""",Orthodox,"Jan 08, 1992",5.18,58%,4.49,54%,0.0,0%,35%,0.0, 7-4-1
"May 11, 2024","St. Louis, Missouri, USA",Lightweight,N,L,Terrance McKinney,Esteban Ribovics,0,1,5 of 18,5 of 12,27%,41%,5 of 18,5 of 12,0 of 0,0 of 0,---,---,0,0,0,0,0:00,0:00,"5' 10""",155 lbs.,"73""",Switch,"Sep 15, 1994",4.53,50%,2.63,45%,3.45,36%,85%,1.0, 15-7-0,"5' 10""",155 lbs.,"69""",Orthodox,"Apr 27, 1996",6.2,52%,3.49,53%,0.93,66%,60%,0.5, 13-1-0
"May 11, 2024","St. Louis, Missouri, USA",Women's Strawweight,N,W,Tabatha Ricci,Tecia Pennington,0,0,54 of 143,80 of 219,37%,36%,94 of 186,92 of 231,1 of 10,0 of 2,10%,0%,0,0,0,0,5:15,0:04,"5' 1""",115 lbs.,"61""",Orthodox,"Feb 21, 1995",4.28,37%,4.94,60%,2.99,35%,77%,0.2, 10-2-0,"5' 1""",115 lbs.,"60""",Orthodox,"Aug 16, 1989",4.78,47%,3.59,61%,0.61,14%,65%,0.1, 13-7-0
"May 11, 2024","St. Louis, Missouri, USA",Welterweight,N,L,Billy Ray Goff,Trey Waters,0,0,116 of 249,96 of 225,46%,42%,129 of 265,107 of 236,1 of 12,0 of 1,8%,0%,0,1,0,1,4:06,0:00,"5' 10""",170 lbs.,"72""",Switch,"Jun 18, 1998",8.56,46%,5.71,59%,2.01,17%,100%,0.0, 9-3-0,"6' 5""",170 lbs.,"77""",Orthodox,"Feb 21, 1995",6.43,44%,5.61,56%,0.44,33%,85%,0.9, 9-1-0
"May 11, 2024","St. Louis, Missouri, USA",Flyweight,N,W,Charles Johnson,Jake Hadley,1,0,70 of 168,48 of 128,41%,37%,88 of 188,50 of 130,0 of 0,0 of 11,---,0%,0,0,0,0,0:19,2:12,"5' 9""",125 lbs.,"70""",Switch,"Jan 10, 1991",4.83,51%,3.45,58%,0.38,20%,66%,0.5, 16-6-0,"5' 7""",125 lbs.,"70""",Southpaw,"Aug 03, 1996",3.36,42%,3.56,60%,0.24,6%,35%,1.7, 11-3-0
"May 11, 2024","St. Louis, Missouri, USA",Women's Flyweight,N,L,JJ Aldrich,Veronica Hardy,0,0,27 of 63,36 of 78,42%,46%,38 of 76,69 of 113,0 of 2,0 of 0,0%,---,0,0,0,0,5:09,0:01,"5' 5""",125 lbs.,"67""",Southpaw,"Sep 29, 1992",3.88,46%,4.38,60%,0.66,23%,66%,0.0, 13-7-0,"5' 4""",125 lbs.,"64""",Southpaw,"Oct 30, 1995",3.13,45%,3.75,47%,1.08,41%,60%,0.3, 9-4-1
"July 27, 2024","Manchester, England, United Kingdom",UFC Welterweight,Y,L,Leon Edwards,Belal Muhammad,0,0,47 of 71,68 of 121,66%,56%,89 of 114,192 of 281,2 of 2,9 of 13,100%,69%,0,0,2,0,7:11,12:02,"6' 2""",170 lbs.,"74""",Southpaw,"Aug 25, 1991",2.75,53%,2.34,54%,1.25,34%,70%,0.4, 22-4-0 (1 NC),"5' 11""",170 lbs.,"72""",Orthodox,"Jul 09, 1988",4.55,43%,3.64,57%,1.98,35%,93%,0.2, 24-3-0 (1 NC)
"July 13, 2024","Denver, Colorado, USA",Women's Flyweight,N,W,Rose Namajunas,Tracy Cortez,1,0,96 of 180,58 of 198,53%,29%,119 of 215,85 of 233,5 of 5,2 of 5,100%,40%,0,0,0,0,6:36,0:58,"5' 5""",125 lbs.,"65""",Orthodox,"Jun 29, 1992",3.70,42%,3.38,64%,1.55,53%,59%,0.4, 14-6-0,"5' 5""",125 lbs.,"65""",Orthodox,"Dec 10, 1993",3.72,47%,3.02,57%,2.09,45%,62%,0.3, 11-2-0
"June 29, 2024","Las Vegas, Nevada, USA",UFC Light Heavyweight,Y,W,Alex Pereira,Jiri Prochazka,2,0,38 of 50,7 of 25,76%,28%,49 of 61,7 of 25,0 of 0,0 of 0,---,---,0,0,0,0,0:03,1:11,"6' 4""",205 lbs.,"79""",Orthodox,"Jul 07, 1987",5.23,63%,3.51,51%,0.17,100%,70%,0.3, 11-2-0,"6' 3""",205 lbs.,"80""",Orthodox,"Oct 14, 1992",5.38,55%,5.59,39%,0.72,60%,68%,0.2, 30-5-1
"April 13, 2024","Las Vegas, Nevada, USA",UFC Light Heavyweight,Y,W,Alex Pereira,Jamahal Hill,1,0,24 of 30,12 of 22,80%,54%,24 of 30,12 of 22,0 of 0,0 of 0,---,---,0,0,0,0,0:07,0:00,"6' 4""",205 lbs.,"79""",Orthodox,"Jul 07, 1987",5.23,63%,3.51,51%,0.17,100%,70%,0.3, 11-2-0,"6' 4""",205 lbs.,"79""",Southpaw,"May 19, 1991",7.18,54%,3.51,46%,0.00,0%,73%,0.0, 12-2-0 (1 NC)
"April 27, 2024","Las Vegas, Nevada, USA",Flyweight,N,L,Matheus Nicolau,Alex Perez,0,1,22 of 55,28 of 71,40%,39%,22 of 55,28 of 71,0 of 0,0 of 0,---,---,0,0,0,0,0:00,0:02,"5' 6""",125 lbs.,"66""",Orthodox,"Jan 06, 1993",3.62,52%,3.19,66%,1.38,45%,93%,0.8, 19-5-1,"5' 6""",125 lbs.,"65""",Orthodox,"Mar 21, 1992",4.19,46%,3.20,58%,2.04,46%,77%,0.8, 25-9-0
"June 22, 2024","Riyadh, Riyadh, Saudi Arabia",Middleweight,N,W,Robert Whittaker,Ikram Aliskerov,1,0,14 of 21,5 of 15,66%,33%,14 of 21,5 of 15,0 of 0,0 of 0,---,---,0,0,0,0,0:03,0:00,"6' 0""",185 lbs.,"73""",Orthodox,"Dec 20, 1990",4.58,43%,3.44,59%,0.80,38%,82%,0.0, 27-7-0,"6' 0""",185 lbs.,"76""",Southpaw,"Dec 07, 1992",7.03,60%,7.27,36%,1.82,33%,0%,1.8, 15-2-0
"May 04, 2024","Rio de Janeiro, Rio de Janeiro, Brazil",UFC Flyweight,Y,W,Alexandre Pantoja,Steve Erceg,0,0,125 of 242,111 of 212,51%,52%,143 of 262,129 of 233,9 of 19,1 of 6,47%,16%,0,0,0,1,8:15,0:32,"5' 5""",125 lbs.,"67""",Orthodox,"Apr 16, 1990",4.41,49%,3.97,50%,2.61,47%,68%,0.8, 28-5-0,"5' 8""",125 lbs.,"68""",Orthodox,"Jul 27, 1995",4.52,49%,4.20,52%,1.24,26%,60%,0.5, 12-2-0
"March 09, 2024","Miami, Florida, USA",UFC Bantamweight,Y,W,Sean O'Malley,Marlon Vera,0,0,230 of 356,89 of 241,64%,36%,232 of 358,89 of 241,0 of 0,0 of 0,---,---,0,0,0,0,0:03,0:00,"5' 11""",135 lbs.,"72""",Switch,"Oct 24, 1994",7.63,61%,3.52,62%,0.35,42%,62%,0.3, 18-1-0 (1 NC),"5' 8""",135 lbs.,"70""",Switch,"Dec 02, 1992",4.31,49%,5.48,50%,0.53,39%,70%,0.9, 23-9-1
"March 16, 2024","Las Vegas, Nevada, USA",Heavyweight,N,L,Tai Tuivasa,Marcin Tybura,0,0,15 of 24,27 of 41,62%,65%,18 of 27,73 of 96,0 of 0,1 of 4,---,25%,0,1,0,0,0:00,2:48,"6' 2""",264 lbs.,"75""",Southpaw,"Mar 16, 1993",3.96,49%,5.05,43%,0.00,0%,57%,0.0, 15-7-0,"6' 3""",249 lbs.,"78""",Orthodox,"Nov 09, 1985",3.60,48%,3.35,55%,1.43,33%,79%,0.1, 25-8-0
"June 08, 2024","Louisville, Kentucky, USA",Middleweight,N,L,Jared Cannonier,Nassourdine Imavov,0,0,64 of 109,82 of 134,58%,61%,102 of 152,106 of 159,1 of 1,2 of 3,100%,66%,0,0,0,0,6:18,1:10,"5' 11""",185 lbs.,"77""",Switch,"Mar 16, 1984",4.62,52%,4.19,58%,0.47,46%,61%,0.0, 17-7-0,"6' 3""",185 lbs.,"75""",Orthodox,"Mar 01, 1995",4.58,55%,3.33,59%,0.98,36%,74%,1.3, 14-4-0 (1 NC)
"July 27, 2024","Manchester, England, United Kingdom",UFC Interim Heavyweight,Y,W,Tom Aspinall,Curtis Blaydes,1,0,14 of 19,5 of 11,73%,45%,14 of 19,5 of 12,0 of 0,0 of 0,---,---,0,0,0,0,0:13,0:00,"6' 5""",256 lbs.,"78""",Orthodox,"Apr 11, 1993",7.72,66%,2.77,66%,3.46,100%,100%,1.7, 15-3-0,"6' 4""",265 lbs.,"80""",Orthodox,"Feb 18, 1991",3.53,50%,1.83,59%,5.72,53%,31%,0.0, 18-5-0 (1 NC)
"July 13, 2024","Denver, Colorado, USA",Welterweight,N,L,Santiago Ponzinibbio,Muslim Salikhov,0,0,41 of 117,46 of 121,35%,38%,42 of 118,69 of 146,2 of 5,0 of 5,40%,0%,0,0,0,0,2:29,0:00,"6' 0""",170 lbs.,"73""",Orthodox,"Sep 26, 1986",4.74,41%,4.55,61%,0.59,32%,66%,0.0, 30-8-0,"5' 11""",170 lbs.,"70""",Orthodox,"Jun 09, 1984",3.32,49%,2.92,63%,1.12,33%,71%,0.0, 20-5-0
"June 29, 2024","Las Vegas, Nevada, USA",Catch Weight,N,L,Dan Ige,Diego Lopes,0,0,42 of 77,49 of 100,54%,49%,67 of 103,90 of 143,0 of 1,1 of 3,0%,33%,0,1,0,0,1:39,4:06,"5' 7""",145 lbs.,"71""",Orthodox,"Aug 06, 1991",3.70,45%,3.51,57%,0.99,26%,59%,0.3, 18-8-0,"5' 11""",145 lbs.,"72""",Orthodox,"Dec 30, 1994",3.24,55%,4.08,39%,0.33,25%,46%,3.7, 25-6-0
"April 27, 2024","Las Vegas, Nevada, USA",Light Heavyweight,N,L,Ryan Spann,Bogdan Guskov,0,1,15 of 38,31 of 48,39%,64%,20 of 44,49 of 67,1 of 3,0 of 0,33%,---,1,0,0,0,3:29,0:20,"6' 5""",205 lbs.,"79""",Orthodox,"Aug 24, 1991",3.25,40%,3.89,44%,1.34,35%,47%,1.5, 21-10-0,"6' 3""",205 lbs.,"76""",Orthodox,"Sep 12, 1992",3.13,48%,3.70,47%,0.00,0%,66%,0.0, 16-3-0
"April 13, 2024","Las Vegas, Nevada, USA",UFC Women's Strawweight,Y,W,Zhang Weili,Yan Xiaonan,0,1,106 of 157,43 of 85,67%,50%,256 of 327,73 of 116,6 of 9,3 of 3,66%,100%,2,0,0,1,12:44,2:20,"5' 4""",115 lbs.,"63""",Switch,"Aug 13, 1989",5.66,53%,3.15,53%,2.51,46%,50%,0.5, 25-3-0,"5' 5""",115 lbs.,"63""",Orthodox,"Jun 16, 1989",4.97,44%,3.66,58%,1.00,73%,62%,0.0, 18-4-0 (1 NC)
"March 16, 2024","Las Vegas, Nevada, USA",Welterweight,N,NC,Bryan Battle,Ange Loosa,0,0,27 of 75,23 of 54,36%,42%,28 of 78,26 of 58,1 of 2,0 of 1,50%,0%,0,0,0,0,1:33,0:00,"6' 1""",170 lbs.,"77""",Orthodox,"Sep 21, 1994",4.52,51%,3.74,44%,1.12,28%,47%,0.6, 11-2-0 (1 NC),"5' 10""",170 lbs.,"74""",Orthodox,"Mar 18, 1993",5.60,44%,6.68,53%,2.41,38%,83%,0.2, 10-4-0 (1 NC)
"June 22, 2024","Riyadh, Riyadh, Saudi Arabia",Heavyweight,N,L,Sergei Pavlovich,Alexander Volkov,0,0,46 of 134,83 of 159,34%,52%,46 of 134,83 of 160,0 of 1,0 of 0,0%,---,0,0,0,0,0:15,0:00,"6' 3""",257 lbs.,"84""",Southpaw,"May 13, 1992",5.86,44%,5.03,51%,0.00,0%,75%,0.0, 18-3-0,"6' 7""",250 lbs.,"80""",Orthodox,"Oct 24, 1988",5.13,57%,3.00,55%,0.45,63%,73%,0.2, 38-10-0
"June 08, 2024","Louisville, Kentucky, USA",Light Heavyweight,N,W,Dominick Reyes,Dustin Jacoby,2,0,20 of 33,6 of 16,60%,37%,20 of 33,6 of 16,0 of 0,0 of 0,---,---,0,0,0,0,0:03,0:00,"6' 4""",205 lbs.,"77""",Southpaw,"Dec 26, 1989",4.87,50%,3.75,48%,0.35,28%,80%,0.3, 13-4-0,"6' 3""",205 lbs.,"76""",Orthodox,"Apr 04, 1988",5.50,47%,4.14,57%,0.36,25%,60%,0.0, 19-9-1
"May 04, 2024","Rio de Janeiro, Rio de Janeiro, Brazil",Bantamweight,N,W,Jose Aldo,Jonathan Martinez,0,0,77 of 139,52 of 118,55%,44%,101 of 174,80 of 151,1 of 2,0 of 2,50%,0%,0,0,0,0,1:45,1:20,"5' 7""",135 lbs.,"70""",Orthodox,"Sep 09, 1986",3.63,46%,3.73,60%,0.51,53%,91%,0.1, 32-8-0,"5' 8""",135 lbs.,"70""",Southpaw,"Apr 20, 1994",4.54,49%,3.87,57%,0.41,35%,68%,0.1, 19-5-0
"March 09, 2024","Miami, Florida, USA",Lightweight,N,W,Dustin Poirier,Benoit Saint Denis,1,0,28 of 34,50 of 74,82%,67%,30 of 37,69 of 97,0 of 1,3 of 7,0%,42%,4,1,0,0,0:31,4:53,"5' 9""",155 lbs.,"72""",Southpaw,"Jan 19, 1989",5.30,50%,4.33,52%,1.24,36%,64%,1.3, 30-9-0 (1 NC),"5' 11""",155 lbs.,"73""",Southpaw,"Dec 18, 1995",5.70,54%,4.98,42%,4.76,37%,69%,1.5, 13-2-0 (1 NC)
"July 27, 2024","Manchester, England, United Kingdom",Lightweight,N,L,King Green,Paddy Pimblett,0,0,15 of 21,8 of 13,71%,61%,15 of 21,10 of 16,1 of 1,0 of 0,100%,---,0,2,0,0,0:34,0:00,"5' 10""",155 lbs.,"71""",Orthodox,"Sep 09, 1986",6.45,52%,3.75,62%,1.19,38%,74%,0.3, 32-16-1 (1 NC),"5' 10""",155 lbs.,"73""",Orthodox,"Jan 03, 1995",5.13,52%,3.70,41%,0.98,25%,56%,1.6, 22-3-0
"July 13, 2024","Denver, Colorado, USA",Lightweight,N,L,Drew Dober,Jean Silva,0,0,59 of 147,53 of 109,40%,48%,59 of 148,53 of 109,0 of 4,0 of 0,0%,---,0,0,0,0,0:30,0:00,"5' 8""",155 lbs.,"70""",Southpaw,"Oct 19, 1988",4.39,40%,4.25,51%,0.67,17%,56%,0.1, 27-14-0 (1 NC),"5' 7""",145 lbs.,"69""",Orthodox,"Dec 27, 1996",5.37,52%,4.43,57%,0.81,50%,80%,0.0, 14-2-0
"June 29, 2024","Las Vegas, Nevada, USA",Light Heavyweight,N,L,Anthony Smith,Roman Dolidze,0,0,51 of 93,100 of 185,54%,54%,51 of 93,103 of 188,0 of 0,1 of 3,---,33%,0,0,0,0,0:00,3:33,"6' 4""",205 lbs.,"76""",Orthodox,"Jul 26, 1988",3.24,49%,4.60,46%,0.46,26%,50%,0.6, 38-20-0,"6' 2""",185 lbs.,"76""",Orthodox,"Jul 15, 1988",3.13,42%,3.37,50%,1.26,40%,33%,1.1, 13-3-0
"April 27, 2024","Las Vegas, Nevada, USA",Women's Flyweight,N,L,Ariane da Silva,Karine Silva,0,0,42 of 81,27 of 75,51%,36%,89 of 153,53 of 120,0 of 0,5 of 6,---,83%,0,0,0,0,2:06,7:32,"5' 6""",125 lbs.,"67""",Orthodox,"Jan 26, 1994",4.10,41%,3.96,53%,0.56,55%,71%,0.3, 17-9-0,"5' 5""",125 lbs.,"67""",Orthodox,"Dec 02, 1993",2.67,35%,3.12,49%,3.59,72%,0%,2.2, 18-4-0
"April 13, 2024","Las Vegas, Nevada, USA",Lightweight,N,L,Justin Gaethje,Max Holloway,0,1,103 of 199,181 of 309,51%,58%,103 of 199,181 of 309,0 of 0,0 of 0,---,---,0,0,0,0,0:00,0:00,"5' 11""",155 lbs.,"70""",Orthodox,"Nov 14, 1988",6.78,59%,7.46,52%,0.11,25%,75%,0.0, 25-5-0,"5' 11""",145 lbs.,"69""",Orthodox,"Dec 04, 1991",7.17,48%,4.72,59%,0.25,53%,84%,0.3, 26-7-0
"March 16, 2024","Las Vegas, Nevada, USA",Light Heavyweight,N,W,Ovince Saint Preux,Kennedy Nzechukwu,1,0,143 of 276,106 of 250,51%,42%,143 of 276,106 of 250,0 of 2,0 of 1,0%,0%,0,0,0,0,0:06,0:08,"6' 3""",205 lbs.,"80""",Southpaw,"Apr 08, 1983",3.03,47%,3.32,47%,1.10,36%,67%,0.5, 27-17-0,"6' 5""",205 lbs.,"83""",Southpaw,"Jun 13, 1992",5.13,45%,4.90,50%,0.60,45%,80%,0.2, 12-5-0
"June 22, 2024","Riyadh, Riyadh, Saudi Arabia",Middleweight,N,W,Kelvin Gastelum,Daniel Rodriguez,0,0,112 of 238,127 of 265,47%,47%,123 of 250,132 of 273,4 of 4,0 of 0,100%,---,0,0,0,0,2:47,0:00,"5' 9""",170 lbs.,"71""",Southpaw,"Oct 24, 1991",3.74,42%,3.48,57%,1.10,34%,59%,0.1, 19-9-0 (1 NC),"6' 1""",170 lbs.,"74""",Southpaw,"Dec 31, 1986",7.42,49%,5.52,56%,0.55,50%,56%,0.1, 17-5-0
"June 08, 2024","Louisville, Kentucky, USA",Bantamweight,N,W,Raul Rosas Jr.,Ricky Turcios,0,0,3 of 9,7 of 15,33%,46%,25 of 34,64 of 78,4 of 7,0 of 0,57%,---,1,1,1,0,5:49,0:52,"5' 9""",135 lbs.,"67""",Switch,"Oct 08, 2004",1.12,43%,1.41,47%,4.39,38%,0%,1.8, 9-1-0,"5' 9""",135 lbs.,"71""",Orthodox,"Jun 05, 1993",4.63,37%,3.34,55%,0.89,25%,45%,0.5, 13-4-0
"May 04, 2024","Rio de Janeiro, Rio de Janeiro, Brazil",Light Heavyweight,N,W,Anthony Smith,Vitor Petrino,0,0,11 of 20,10 of 22,55%,45%,11 of 20,10 of 22,0 of 0,1 of 2,---,50%,1,0,0,0,0:00,0:14,"6' 4""",205 lbs.,"76""",Orthodox,"Jul 26, 1988",3.24,49%,4.60,46%,0.46,26%,50%,0.6, 38-20-0,"6' 2""",205 lbs.,"77""",Orthodox,"Aug 28, 1997",2.82,45%,2.58,45%,3.98,66%,71%,0.8, 11-1-0
"March 09, 2024","Miami, Florida, USA",Welterweight,N,L,Kevin Holland,Michael Page,0,0,29 of 61,41 of 62,47%,66%,64 of 99,59 of 81,2 of 5,0 of 3,40%,0%,1,0,0,0,4:22,1:26,"6' 3""",185 lbs.,"81""",Orthodox,"Nov 05, 1992",4.25,49%,3.20,50%,0.84,38%,54%,0.6, 26-11-0 (1 NC),"6' 3""",170 lbs.,"79""",Switch,"Apr 07, 1987",2.38,65%,1.45,54%,0.44,25%,63%,0.0, 22-3-0
"July 27, 2024","Manchester, England, United Kingdom",Middleweight,N,L,Christian Leroy Duncan,Gregory Rodrigues,0,0,29 of 48,45 of 79,60%,56%,53 of 77,78 of 120,0 of 0,4 of 12,---,33%,0,0,0,0,1:45,8:20,"6' 2""",185 lbs.,"79""",Switch,"Jul 24, 1995",5.96,62%,3.82,50%,0.45,14%,50%,0.0, 10-2-0,"6' 3""",185 lbs.,"75""",Orthodox,"Feb 17, 1992",6.08,55%,5.30,51%,2.46,45%,100%,0.5, 16-5-0
"July 13, 2024","Denver, Colorado, USA",Welterweight,N,W,Gabriel Bonfim,Ange Loosa,0,0,101 of 225,52 of 153,44%,33%,106 of 232,60 of 166,1 of 1,4 of 13,100%,30%,0,0,0,0,0:10,2:35,"6' 1""",170 lbs.,"72""",Orthodox,"Aug 20, 1997",5.78,42%,4.38,62%,2.92,75%,73%,1.9, 16-1-0,"5' 10""",170 lbs.,"74""",Orthodox,"Mar 18, 1993",5.60,44%,6.68,53%,2.41,38%,83%,0.2, 10-4-0 (1 NC)
"April 27, 2024","Las Vegas, Nevada, USA",Heavyweight,N,L,Austen Lane,Jhonata Diniz,0,1,17 of 37,20 of 33,45%,60%,43 of 73,31 of 45,1 of 4,0 of 0,25%,---,0,0,0,0,4:29,0:32,"6' 6""",245 lbs.,"80""",Orthodox,"Nov 09, 1987",3.43,46%,2.81,44%,1.03,20%,0%,0.0, 12-5-0 (1 NC),"6' 4""",254 lbs.,"79""",Orthodox,"Jun 23, 1991",4.31,48%,3.92,45%,0.00,0%,80%,0.0, 7-0-0
"June 29, 2024","Las Vegas, Nevada, USA",Women's Bantamweight,N,L,Mayra Bueno Silva,Macy Chiasson,0,0,46 of 59,50 of 85,77%,58%,53 of 66,64 of 99,0 of 4,1 of 1,0%,100%,0,0,0,0,1:19,1:48,"5' 6""",135 lbs.,"66""",Orthodox,"Aug 22, 1991",4.01,59%,5.00,52%,0.64,29%,66%,1.5, 10-4-1 (1 NC),"5' 11""",135 lbs.,"72""",Orthodox,"Jul 27, 1991",3.77,46%,2.79,44%,2.37,38%,70%,0.4, 11-3-0
"March 16, 2024","Las Vegas, Nevada, USA",Featherweight,N,W,Christian Rodriguez,Isaac Dulgarian,0,0,48 of 76,22 of 44,63%,50%,97 of 135,56 of 89,0 of 0,7 of 16,---,43%,0,2,0,0,3:19,9:22,"5' 7""",145 lbs.,"71""",Orthodox,"Dec 17, 1997",3.65,47%,2.56,58%,1.07,54%,65%,1.1, 11-2-0,"5' 7""",145 lbs.,"71""",Orthodox,"Jul 04, 1996",2.88,58%,2.53,39%,6.06,47%,0%,1.5, 6-1-0
"June 22, 2024","Riyadh, Riyadh, Saudi Arabia",Middleweight,N,W,Shara Magomedov,Antonio Trocoli,1,0,82 of 108,16 of 34,75%,47%,108 of 136,39 of 77,0 of 0,0 of 7,---,0%,0,0,0,0,0:17,4:42,"6' 2""",185 lbs.,"73""",Orthodox,"May 16, 1994",7.10,74%,2.95,35%,0.00,0%,78%,0.0, 13-0-0,"6' 5""",185 lbs.,"80""",Orthodox,"Dec 06, 1990",1.28,51%,6.10,24%,0.91,12%,100%,0.9, 12-4-0 (1 NC)
"April 13, 2024","Las Vegas, Nevada, USA",Lightweight,N,L,Charles Oliveira,Arman Tsarukyan,0,0,19 of 37,49 of 83,51%,59%,33 of 53,75 of 117,0 of 0,2 of 4,---,50%,4,0,1,1,2:32,8:41,"5' 10""",155 lbs.,"74""",Orthodox,"Oct 17, 1989",3.39,53%,3.20,51%,2.17,40%,55%,2.8, 34-10-0 (1 NC),"5' 7""",155 lbs.,"72""",Orthodox,"Oct 11, 1996",3.79,48%,1.84,53%,3.25,37%,75%,0.0, 22-3-0
"June 08, 2024","Louisville, Kentucky, USA",Middleweight,N,W,Brunno Ferreira,Dustin Stoltzfus,1,0,24 of 36,18 of 40,66%,45%,27 of 40,20 of 44,0 of 0,1 of 2,---,50%,0,2,0,0,0:10,1:31,"5' 10""",185 lbs.,"72""",Orthodox,"Nov 04, 1992",4.99,54%,4.04,50%,0.89,16%,60%,0.0, 12-1-0,"6' 0""",185 lbs.,"75""",Orthodox,"Nov 15, 1991",3.51,44%,3.40,47%,2.45,41%,46%,1.0, 15-6-0
"March 09, 2024","Miami, Florida, USA",Welterweight,N,L,Gilbert Burns,Jack Della Maddalena,0,1,27 of 58,67 of 123,46%,54%,31 of 63,85 of 146,7 of 11,0 of 1,63%,0%,0,0,0,0,5:07,0:16,"5' 10""",170 lbs.,"71""",Orthodox,"Jul 20, 1986",3.29,48%,3.42,54%,2.24,38%,50%,0.5, 22-7-0,"5' 11""",170 lbs.,"73""",Switch,"Sep 10, 1996",6.74,53%,4.27,66%,0.21,16%,70%,0.2, 17-2-0
"May 04, 2024","Rio de Janeiro, Rio de Janeiro, Brazil",Middleweight,N,W,Michel Pereira,Ihor Potieria,0,0,6 of 10,2 of 3,60%,66%,6 of 10,2 of 3,0 of 0,0 of 0,---,---,1,0,0,0,0:09,0:00,"6' 1""",185 lbs.,"73""",Orthodox,"Oct 06, 1993",5.16,54%,3.70,58%,1.53,55%,94%,0.8, 31-11-0 (2 NC),"6' 3""",185 lbs.,"75""",Southpaw,"May 29, 1996",5.13,50%,5.04,51%,0.00,0%,57%,0.0, 20-6-0
"July 13, 2024","Denver, Colorado, USA",Featherweight,N,W,Julian Erosa,Christian Rodriguez,0,0,35 of 88,33 of 75,39%,44%,39 of 94,33 of 76,1 of 1,0 of 0,100%,---,1,0,0,1,0:41,0:19,"6' 1""",145 lbs.,"74""",Southpaw,"Jul 31, 1989",6.18,48%,6.31,48%,1.69,48%,58%,0.8, 30-12-0,"5' 7""",145 lbs.,"71""",Orthodox,"Dec 17, 1997",3.65,47%,2.56,58%,1.07,54%,65%,1.1, 11-2-0
"July 27, 2024","Manchester, England, United Kingdom",Featherweight,N,W,Arnold Allen,Giga Chikadze,0,0,61 of 122,38 of 111,50%,34%,61 of 122,39 of 112,0 of 1,0 of 0,0%,---,0,0,0,0,0:00,0:00,"5' 8""",145 lbs.,"70""",Southpaw,"Jan 22, 1994",3.39,40%,2.91,61%,1.02,50%,75%,0.4, 20-3-0,"6' 0""",145 lbs.,"74""",Orthodox,"Aug 25, 1988",4.08,43%,3.44,62%,0.23,33%,69%,0.2, 15-4-0
"June 29, 2024","Las Vegas, Nevada, USA",Welterweight,N,W,Ian Machado Garry,Michael Page,0,0,19 of 39,21 of 38,48%,55%,65 of 101,52 of 74,2 of 5,0 of 0,40%,---,2,0,0,0,7:29,1:52,"6' 3""",170 lbs.,"74""",Orthodox,"Nov 17, 1997",5.50,55%,3.17,52%,0.77,55%,69%,0.3, 15-0-0,"6' 3""",170 lbs.,"79""",Switch,"Apr 07, 1987",2.38,65%,1.45,54%,0.44,25%,63%,0.0, 22-3-0
"April 27, 2024","Las Vegas, Nevada, USA",Featherweight,N,L,Jonathan Pearce,David Onama,0,0,57 of 129,58 of 104,44%,55%,87 of 165,66 of 115,5 of 14,0 of 1,35%,0%,1,1,1,5,4:49,2:15,"6' 0""",145 lbs.,"71""",Switch,"May 01, 1992",5.32,54%,3.43,54%,5.24,50%,58%,0.8, 14-6-0,"5' 11""",145 lbs.,"74""",Orthodox,"Jun 07, 1994",5.04,48%,5.10,52%,0.67,17%,52%,0.5, 12-2-0
"March 16, 2024","Las Vegas, Nevada, USA",Women's Bantamweight,N,L,Pannie Kianzad,Macy Chiasson,0,0,2 of 6,4 of 10,33%,40%,29 of 35,5 of 11,1 of 2,2 of 2,50%,100%,0,1,0,1,0:52,2:28,"5' 7""",135 lbs.,"66""",Orthodox,"Dec 08, 1991",4.74,49%,3.67,53%,0.46,33%,66%,0.1, 17-8-0,"5' 11""",135 lbs.,"72""",Orthodox,"Jul 27, 1991",3.77,46%,2.79,44%,2.37,38%,70%,0.4, 11-3-0
"April 13, 2024","Las Vegas, Nevada, USA",Middleweight,N,W,Bo Nickal,Cody Brundage,0,0,8 of 13,4 of 12,61%,33%,45 of 59,33 of 41,3 of 6,0 of 0,50%,---,2,0,0,0,7:25,0:03,"6' 1""",185 lbs.,"76""",Southpaw,"Jan 14, 1996",1.64,62%,0.50,70%,7.46,50%,0%,7.5, 6-0-0,"6' 0""",185 lbs.,"72""",Orthodox,"May 16, 1994",1.62,54%,2.63,41%,2.31,50%,68%,0.9, 10-6-0 (1 NC)
"June 08, 2024","Louisville, Kentucky, USA",Middleweight,N,L,Julian Marquez,Zach Reese,0,1,1 of 1,6 of 9,100%,66%,1 of 1,6 of 9,0 of 0,0 of 0,---,---,0,0,0,0,0:00,0:00,"6' 2""",185 lbs.,"72""",Orthodox,"May 08, 1990",4.85,45%,5.06,50%,0.00,0%,53%,2.6, 9-5-0,"6' 4""",185 lbs.,"77""",Switch,"Mar 24, 1994",5.32,66%,6.21,27%,0.00,0%,0%,8.9, 7-1-0
"June 22, 2024","Riyadh, Riyadh, Saudi Arabia",Light Heavyweight,N,L,Johnny Walker,Volkan Oezdemir,0,2,15 of 33,37 of 67,45%,55%,15 of 33,37 of 67,0 of 0,0 of 0,---,---,0,0,0,0,0:00,0:06,"6' 6""",205 lbs.,"82""",Orthodox,"Mar 30, 1992",3.87,53%,3.12,44%,0.45,100%,57%,0.9, 21-9-0 (1 NC),"6' 2""",205 lbs.,"75""",Orthodox,"Sep 19, 1989",4.79,48%,3.96,55%,0.56,33%,80%,0.1, 20-7-0
"March 09, 2024","Miami, Florida, USA",Bantamweight,N,W,Petr Yan,Song Yadong,0,0,99 of 183,86 of 172,54%,50%,129 of 217,104 of 192,2 of 5,1 of 8,40%,12%,0,0,0,0,1:47,1:40,"5' 7""",135 lbs.,"67""",Switch,"Feb 11, 1993",5.14,53%,4.36,58%,1.73,51%,85%,0.1, 17-5-0,"5' 8""",135 lbs.,"67""",Orthodox,"Dec 02, 1997",4.49,43%,3.96,55%,0.66,40%,72%,0.2, 21-8-1 (1 NC)
"May 04, 2024","Rio de Janeiro, Rio de Janeiro, Brazil",Middleweight,N,L,Paul Craig,Caio Borralho,0,1,22 of 48,36 of 50,45%,72%,22 of 50,43 of 57,0 of 6,0 of 0,0%,---,0,0,0,0,0:30,0:19,"6' 3""",185 lbs.,"76""",Orthodox,"Nov 27, 1987",2.45,46%,2.97,44%,1.68,20%,37%,1.6, 17-8-1,"6' 1""",185 lbs.,"75""",Southpaw,"Jan 16, 1993",2.91,60%,2.06,60%,1.99,63%,76%,0.5, 16-1-0 (1 NC)
"July 13, 2024","Denver, Colorado, USA",Middleweight,N,NC,Abdul Razak Alhassan,Cody Brundage,0,0,23 of 30,1 of 2,76%,50%,24 of 35,1 of 2,0 of 0,0 of 1,---,0%,0,0,0,0,0:27,0:03,"5' 10""",185 lbs.,"73""",Orthodox,"Aug 11, 1985",3.62,49%,3.97,55%,0.88,38%,51%,0.2, 12-6-0 (1 NC),"6' 0""",185 lbs.,"72""",Orthodox,"May 16, 1994",1.62,54%,2.63,41%,2.31,50%,68%,0.9, 10-6-0 (1 NC)
"July 27, 2024","Manchester, England, United Kingdom",Featherweight,N,W,Nathaniel Wood,Daniel Pineda,1,0,66 of 93,32 of 69,70%,46%,81 of 110,80 of 125,0 of 0,1 of 6,---,16%,1,0,1,2,3:42,5:32,"5' 6""",145 lbs.,"69""",Orthodox,"May 08, 1993",5.91,50%,4.22,56%,1.74,48%,70%,0.5, 20-6-0,"5' 7""",145 lbs.,"69""",Orthodox,"Aug 06, 1985",3.09,49%,3.18,46%,1.71,25%,48%,1.7, 28-16-0 (3 NC)
"April 27, 2024","Las Vegas, Nevada, USA",Welterweight,N,L,Tim Means,Uros Medic,0,1,7 of 17,7 of 12,41%,58%,10 of 21,11 of 16,0 of 3,0 of 1,0%,0%,0,0,0,0,1:18,0:04,"6' 2""",170 lbs.,"75""",Orthodox,"Feb 20, 1984",5.08,49%,3.64,60%,1.16,40%,65%,0.2, 33-16-1 (1 NC),"6' 1""",170 lbs.,"71""",Southpaw,"Apr 25, 1993",5.51,60%,3.18,58%,0.38,50%,55%,0.0, 10-2-0
"June 29, 2024","Las Vegas, Nevada, USA",Middleweight,N,W,Joe Pyfer,Marc-Andre Barriault,1,0,8 of 10,0 of 5,80%,0%,8 of 10,0 of 5,0 of 0,0 of 0,---,---,0,0,0,0,0:00,0:00,"6' 2""",185 lbs.,"75""",Orthodox,"Sep 17, 1996",3.72,41%,3.48,51%,1.45,41%,50%,0.9, 13-3-0,"6' 1""",185 lbs.,"74""",Orthodox,"Feb 18, 1990",6.12,47%,5.67,52%,0.21,25%,67%,0.1, 16-8-0 (1 NC)
"April 13, 2024","Las Vegas, Nevada, USA",Light Heavyweight,N,W,Jiri Prochazka,Aleksandar Rakic,0,0,69 of 118,58 of 109,58%,53%,69 of 118,58 of 109,1 of 1,0 of 0,100%,---,0,0,0,0,0:38,0:00,"6' 3""",205 lbs.,"80""",Orthodox,"Oct 14, 1992",5.38,55%,5.59,39%,0.72,60%,68%,0.2, 30-5-1,"6' 4""",205 lbs.,"78""",Orthodox,"Feb 06, 1992",4.26,50%,2.80,50%,0.76,25%,85%,0.1, 14-4-0
"March 16, 2024","Las Vegas, Nevada, USA",Middleweight,N,W,Gerald Meerschaert,Bryan Barberena,0,0,11 of 17,12 of 37,64%,32%,30 of 36,25 of 50,3 of 7,0 of 0,42%,---,2,0,0,0,5:03,0:03,"6' 1""",185 lbs.,"77""",Southpaw,"Dec 18, 1987",3.18,45%,3.37,53%,2.17,38%,34%,1.6, 36-17-0,"6' 0""",185 lbs.,"72""",Southpaw,"May 03, 1989",5.35,48%,4.59,44%,0.13,22%,50%,0.3, 18-12-0
"June 08, 2024","Louisville, Kentucky, USA",Welterweight,N,L,Miguel Baeza,Punahele Soriano,0,0,7 of 12,144 of 175,58%,82%,22 of 33,331 of 394,0 of 2,5 of 6,0%,83%,3,0,0,0,0:47,10:58,"6' 2""",170 lbs.,"74""",Orthodox,"Aug 23, 1992",4.09,49%,5.92,46%,0.36,22%,54%,2.0, 10-4-0,"5' 11""",170 lbs.,"72""",Southpaw,"Nov 22, 1992",4.89,53%,3.88,48%,1.48,56%,37%,0.0, 10-4-0
"March 09, 2024","Miami, Florida, USA",Heavyweight,N,W,Curtis Blaydes,Jailton Almeida,0,0,16 of 25,1 of 3,64%,33%,19 of 28,9 of 11,0 of 0,9 of 13,---,69%,0,0,0,0,0:09,4:39,"6' 4""",265 lbs.,"80""",Orthodox,"Feb 18, 1991",3.53,50%,1.83,59%,5.72,53%,31%,0.0, 18-5-0 (1 NC),"6' 3""",205 lbs.,"79""",Orthodox,"Jun 26, 1991",2.46,64%,0.72,40%,6.85,59%,75%,2.6, 21-3-0
"June 22, 2024","Riyadh, Riyadh, Saudi Arabia",Lightweight,N,W,Nasrat Haqparast,Jared Gordon,0,0,146 of 316,141 of 299,46%,47%,156 of 330,170 of 338,0 of 0,0 of 13,---,0%,0,0,0,0,0:03,2:49,"5' 10""",155 lbs.,"72""",Southpaw,"Aug 22, 1995",6.15,44%,5.65,62%,0.28,20%,84%,0.0, 17-5-0,"5' 9""",155 lbs.,"68""",Orthodox,"Sep 06, 1988",5.75,55%,3.97,56%,1.78,31%,62%,0.0, 20-7-0 (1 NC)
"May 04, 2024","Rio de Janeiro, Rio de Janeiro, Brazil",Featherweight,N,L,Jack Shore,Joanderson Brito,0,0,24 of 40,30 of 56,60%,53%,31 of 47,57 of 86,0 of 2,1 of 1,0%,100%,0,0,0,0,0:48,5:09,"5' 8""",145 lbs.,"71""",Orthodox,"Feb 06, 1995",3.75,58%,2.32,56%,3.10,38%,76%,0.7, 17-2-0,"5' 8""",145 lbs.,"72""",Orthodox,"Feb 11, 1995",3.35,51%,2.65,46%,3.11,76%,62%,0.6, 17-3-1
"July 13, 2024","Denver, Colorado, USA",Flyweight,N,L,Joshua Van,Charles Johnson,0,1,67 of 133,88 of 191,50%,46%,72 of 140,90 of 195,1 of 1,0 of 2,100%,0%,0,0,0,0,0:15,0:34,"5' 5""",125 lbs.,"65""",Orthodox,"Oct 10, 2001",8.55,52%,6.34,58%,1.20,50%,81%,0.0, 10-2-0,"5' 9""",125 lbs.,"70""",Switch,"Jan 10, 1991",4.83,51%,3.45,58%,0.38,20%,66%,0.5, 16-6-0
"July 27, 2024","Manchester, England, United Kingdom",Women's Strawweight,N,L,Molly McCann,Bruna Brasil,0,0,32 of 56,44 of 74,57%,59%,57 of 84,63 of 99,2 of 7,3 of 3,28%,100%,0,0,0,1,3:31,5:35,"5' 4""",115 lbs.,"62""",Orthodox,"May 04, 1990",5.79,49%,4.94,63%,1.82,38%,43%,0.6, 14-7-0,"5' 6""",115 lbs.,"65""",Orthodox,"Sep 07, 1993",2.94,62%,3.92,51%,1.59,62%,53%,0.0, 10-4-1
"April 27, 2024","Las Vegas, Nevada, USA",Bantamweight,N,L,Rani Yahya,Victor Henry,0,2,54 of 109,109 of 205,49%,53%,56 of 111,150 of 260,0 of 10,0 of 2,0%,0%,0,0,0,0,0:48,3:09,"5' 6""",135 lbs.,"67""",Orthodox,"Sep 12, 1984",1.71,38%,2.08,50%,2.73,30%,29%,1.8, 28-12-1 (1 NC),"5' 7""",135 lbs.,"68""",Switch,"May 04, 1987",8.34,54%,5.62,47%,0.00,0%,83%,0.5, 24-6-0 (1 NC)
"April 13, 2024","Las Vegas, Nevada, USA",Featherweight,N,L,Calvin Kattar,Aljamain Sterling,0,0,8 of 29,39 of 71,27%,54%,19 of 40,89 of 128,0 of 0,8 of 13,---,61%,0,0,0,0,0:05,10:43,"5' 11""",145 lbs.,"72""",Orthodox,"Mar 26, 1988",4.76,39%,6.75,54%,0.39,29%,72%,0.1, 23-8-0,"5' 7""",145 lbs.,"71""",Orthodox,"Jul 31, 1989",4.61,52%,2.30,58%,2.31,27%,45%,0.7, 24-4-0
"June 29, 2024","Las Vegas, Nevada, USA",Featherweight,N,L,Cub Swanson,Andre Fili,0,0,62 of 111,67 of 147,55%,45%,90 of 140,70 of 151,0 of 2,2 of 11,0%,18%,0,0,0,0,0:29,3:50,"5' 8""",145 lbs.,"70""",Orthodox,"Nov 02, 1983",4.67,50%,3.86,59%,1.04,50%,63%,0.4, 29-14-0,"5' 11""",145 lbs.,"74""",Orthodox,"Jun 25, 1990",3.88,37%,4.11,51%,2.15,43%,70%,0.2, 24-11-0 (1 NC)
"March 16, 2024","Las Vegas, Nevada, USA",Lightweight,N,L,Natan Levy,Mike Davis,0,1,8 of 9,3 of 7,88%,42%,18 of 20,10 of 15,1 of 1,0 of 0,100%,---,0,1,0,0,0:34,5:11,"5' 9""",155 lbs.,"71""",Southpaw,"Sep 30, 1991",3.70,52%,3.19,58%,5.03,58%,41%,0.5, 8-2-0,"6' 0""",155 lbs.,"72""",Orthodox,"Oct 07, 1992",5.35,52%,5.76,55%,2.77,53%,64%,0.4, 11-2-0
"June 08, 2024","Louisville, Kentucky, USA",Lightweight,N,L,Thiago Moises,Ludovit Klein,0,2,24 of 60,56 of 104,40%,53%,25 of 62,86 of 153,0 of 8,1 of 1,0%,100%,1,0,0,0,1:09,3:08,"5' 9""",155 lbs.,"70""",Orthodox,"Mar 23, 1995",2.39,40%,4.14,54%,1.47,35%,55%,1.3, 18-8-0,"5' 7""",155 lbs.,"72""",Southpaw,"Feb 22, 1995",3.93,55%,3.45,53%,1.66,50%,90%,0.0, 22-4-1
"June 22, 2024","Riyadh, Riyadh, Saudi Arabia",Featherweight,N,L,Muhammad Naimov,Felipe Lima,0,0,30 of 85,37 of 70,35%,52%,55 of 120,62 of 98,1 of 5,1 of 2,20%,50%,0,1,0,0,2:36,1:06,"5' 9""",145 lbs.,"70""",Orthodox,"Aug 07, 1994",3.18,43%,4.28,42%,1.80,30%,57%,0.0, 11-3-0,"5' 6""",145 lbs.,"68""",Orthodox,"May 07, 1998",3.29,52%,2.67,64%,1.33,50%,80%,1.3, 13-1-0
"March 09, 2024","Miami, Florida, USA",Women's Flyweight,N,L,Katlyn Cerminara,Maycee Barber,0,0,66 of 152,84 of 150,43%,56%,99 of 186,122 of 189,1 of 6,4 of 4,16%,100%,0,0,0,0,2:52,4:45,"5' 9""",125 lbs.,"68""",Orthodox,"Dec 28, 1988",4.58,34%,4.48,62%,0.31,15%,50%,0.3, 18-6-0,"5' 5""",125 lbs.,"65""",Switch,"May 18, 1998",4.70,53%,2.90,54%,1.44,43%,53%,0.1, 14-2-0
"July 27, 2024","Manchester, England, United Kingdom",Bantamweight,N,W,Jake Hadley,Caolan Loughran,0,0,81 of 154,66 of 181,52%,36%,107 of 181,68 of 188,0 of 1,1 of 8,0%,12%,0,0,0,0,0:07,1:47,"5' 7""",125 lbs.,"70""",Southpaw,"Aug 03, 1996",3.36,42%,3.56,60%,0.24,6%,35%,1.7, 11-3-0,"5' 6""",135 lbs.,"68""",Orthodox,"May 18, 1996",6.27,47%,5.73,56%,2.50,33%,0%,0.0, 9-2-0
"May 04, 2024","Rio de Janeiro, Rio de Janeiro, Brazil",Women's Strawweight,N,L,Karolina Kowalkiewicz,Iasmin Lucindo,0,0,42 of 111,83 of 136,37%,61%,47 of 119,91 of 144,0 of 2,2 of 6,0%,33%,0,0,0,0,0:00,5:56,"5' 3""",115 lbs.,"64""",Orthodox,"Oct 15, 1985",5.71,43%,5.55,58%,0.34,23%,73%,0.2, 16-8-0,"5' 3""",115 lbs.,"66""",Orthodox,"Jan 08, 2002",3.95,46%,3.11,66%,2.23,53%,80%,0.3, 16-5-0
"July 13, 2024","Denver, Colorado, USA",Women's Flyweight,N,W,Jasmine Jasudavicius,Fatima Kline,0,0,40 of 89,39 of 81,44%,48%,93 of 165,48 of 94,4 of 6,1 of 1,66%,100%,1,0,0,0,7:48,0:52,"5' 7""",125 lbs.,"68""",Orthodox,"Mar 01, 1989",3.79,45%,3.85,51%,2.39,41%,75%,0.5, 11-3-0,"5' 6""",115 lbs.,"67""",Orthodox,"Jul 12, 2000",2.60,48%,2.67,55%,1.00,100%,33%,0.0, 6-1-0
"April 27, 2024","Las Vegas, Nevada, USA",Lightweight,N,W,Austin Hubbard,Michal Figlak,0,0,88 of 206,92 of 210,42%,43%,99 of 220,100 of 218,3 of 7,0 of 3,42%,0%,0,0,0,0,0:48,1:37,"5' 10""",155 lbs.,"71""",Orthodox,"Dec 22, 1991",4.11,45%,3.74,56%,1.75,50%,65%,0.0, 17-7-0,"5' 10""",155 lbs.,"70""",Orthodox,"Aug 15, 1996",4.00,39%,4.93,52%,0.50,12%,57%,0.0, 8-2-0
"June 29, 2024","Las Vegas, Nevada, USA",Featherweight,N,L,Charles Jourdain,Jean Silva,0,2,23 of 46,34 of 55,50%,61%,24 of 48,35 of 56,3 of 7,0 of 0,42%,---,0,0,0,0,1:17,0:09,"5' 9""",145 lbs.,"69""",Switch,"Nov 27, 1995",5.48,48%,4.35,56%,0.35,23%,48%,0.5, 15-8-1,"5' 7""",145 lbs.,"69""",Orthodox,"Dec 27, 1996",5.37,52%,4.43,57%,0.81,50%,80%,0.0, 14-2-0
"April 13, 2024","Las Vegas, Nevada, USA",Women's Bantamweight,N,L,Holly Holm,Kayla Harrison,0,0,2 of 12,51 of 71,16%,71%,7 of 17,68 of 91,0 of 1,2 of 5,0%,40%,0,1,0,0,0:15,4:51,"5' 8""",135 lbs.,"69""",Southpaw,"Oct 17, 1981",3.13,40%,2.92,55%,0.87,30%,76%,0.1, 15-7-0 (1 NC),"5' 8""",135 lbs.,"66""",Southpaw,"Jul 02, 1990",7.52,71%,0.29,83%,4.42,40%,100%,2.2, 17-1-0
"March 16, 2024","Las Vegas, Nevada, USA",Women's Bantamweight,N,L,Josiane Nunes,Chelsea Chandler,0,0,47 of 105,58 of 130,44%,44%,49 of 108,100 of 176,0 of 0,2 of 2,---,100%,0,0,0,0,0:26,7:02,"5' 2""",135 lbs.,"67""",Southpaw,"Dec 23, 1993",5.99,44%,5.25,53%,0.00,0%,58%,0.0, 10-2-0,"5' 8""",135 lbs.,"68""",Southpaw,"Nov 23, 1990",3.45,45%,3.09,49%,1.31,60%,33%,0.0, 6-2-0
"June 08, 2024","Louisville, Kentucky, USA",Welterweight,N,L,Charles Radtke,Carlos Prates,0,1,14 of 27,15 of 36,51%,41%,33 of 48,15 of 36,0 of 2,0 of 0,0%,---,0,0,0,0,0:23,0:00,"5' 9""",170 lbs.,"72""",Orthodox,"Jul 09, 1990",3.22,52%,3.05,55%,0.61,12%,100%,0.0, 9-4-0,"6' 1""",170 lbs.,"78""",Switch,"Aug 17, 1993",4.09,52%,5.23,39%,0.00,0%,80%,0.0, 19-6-0
"July 27, 2024","Manchester, England, United Kingdom",Flyweight,N,W,Muhammad Mokaev,Manel Kape,0,0,30 of 82,20 of 48,36%,41%,47 of 102,34 of 67,3 of 8,0 of 1,37%,0%,0,0,0,0,2:11,0:04,"5' 7""",125 lbs.,"70""",Orthodox,"Jul 30, 2000",1.53,48%,1.36,57%,5.75,41%,0%,1.0, 13-0-0 (1 NC),"5' 5""",125 lbs.,"68""",Southpaw,"Nov 14, 1993",5.12,54%,4.51,59%,0.65,37%,77%,0.4, 19-7-0
"June 22, 2024","Riyadh, Riyadh, Saudi Arabia",Welterweight,N,W,Rinat Fakhretdinov,Nicolas Dalby,0,0,68 of 134,66 of 134,50%,49%,99 of 173,123 of 195,5 of 11,0 of 4,45%,0%,0,0,0,0,6:17,3:57,"6' 0""",170 lbs.,"74""",Orthodox,"Sep 28, 1991",4.17,54%,2.71,51%,4.43,46%,100%,0.2, 22-1-1,"5' 11""",170 lbs.,"74""",Orthodox,"Nov 16, 1984",4.06,43%,3.52,52%,1.01,27%,58%,0.1, 23-5-1 (2 NC)
"March 09, 2024","Miami, Florida, USA",Lightweight,N,W,Mateusz Gamrot,Rafael Dos Anjos,0,1,57 of 102,36 of 78,55%,46%,111 of 163,39 of 82,11 of 19,0 of 0,57%,---,0,0,0,0,7:01,0:11,"5' 10""",155 lbs.,"70""",Southpaw,"Dec 11, 1990",3.09,51%,3.07,59%,5.28,35%,90%,0.1, 24-2-0 (1 NC),"5' 8""",155 lbs.,"70""",Southpaw,"Oct 26, 1984",3.48,47%,3.21,60%,1.95,35%,55%,0.6, 32-16-0
"May 04, 2024","Rio de Janeiro, Rio de Janeiro, Brazil",Lightweight,N,L,Elves Brener,Myktybek Orolbai,0,1,48 of 91,65 of 119,52%,54%,79 of 125,83 of 138,3 of 6,5 of 17,50%,29%,0,0,2,0,2:55,7:12,"5' 10""",155 lbs.,"72""",Orthodox,"Sep 27, 1997",4.19,47%,4.82,52%,1.59,31%,75%,0.0, 16-4-0,"5' 10""",155 lbs.,"74""",Orthodox,"Feb 10, 1998",3.02,52%,2.56,47%,7.44,44%,50%,0.6, 13-1-1
"July 13, 2024","Denver, Colorado, USA",Bantamweight,N,W,Montel Jackson,Da'Mon Blackshear,1,0,4 of 6,1 of 1,66%,100%,4 of 6,1 of 1,0 of 0,0 of 0,---,---,0,0,0,0,0:02,0:00,"5' 10""",135 lbs.,"75""",Southpaw,"Apr 24, 1992",3.39,53%,1.42,63%,3.41,71%,69%,0.3, 14-2-0,"5' 10""",135 lbs.,"72""",Switch,"Aug 12, 1994",4.28,47%,4.14,48%,2.33,37%,66%,0.8, 14-7-1
"April 27, 2024","Las Vegas, Nevada, USA",Heavyweight,N,W,Don'Tale Mayes,Caio Machado,1,0,67 of 183,76 of 159,36%,47%,73 of 190,77 of 160,0 of 0,0 of 0,---,---,0,0,0,0,0:36,0:00,"6' 6""",260 lbs.,"81""",Orthodox,"Jan 16, 1992",3.69,43%,3.96,47%,0.71,43%,60%,0.0, 11-6-0 (1 NC),"6' 4""",250 lbs.,"78""",Southpaw,"Jul 20, 1994",6.07,58%,2.73,63%,0.00,0%,82%,0.0, 8-3-1
"June 29, 2024","Las Vegas, Nevada, USA",Bantamweight,N,W,Payton Talbott,Yanis Ghemmouri,1,0,13 of 13,1 of 2,100%,50%,13 of 13,1 of 2,0 of 0,0 of 0,---,---,0,0,0,0,0:01,0:00,"5' 10""",135 lbs.,"70""",Switch,"Sep 09, 1998",8.38,55%,3.57,51%,0.00,0%,90%,0.5, 9-0-0,"5' 9""",135 lbs.,"69""",Orthodox,"Jan 24, 1995",2.29,38%,5.14,35%,0.00,0%,0%,0.0, 12-3-0
"April 13, 2024","Las Vegas, Nevada, USA",Featherweight,N,L,Sodiq Yusuff,Diego Lopes,0,2,2 of 5,26 of 32,40%,81%,2 of 5,29 of 35,0 of 0,0 of 0,---,---,0,0,0,0,0:00,0:34,"5' 9""",145 lbs.,"71""",Orthodox,"May 19, 1993",5.66,49%,4.51,53%,0.28,20%,62%,0.4, 13-4-0,"5' 11""",145 lbs.,"72""",Orthodox,"Dec 30, 1994",3.24,55%,4.08,39%,0.33,25%,46%,3.7, 25-6-0
"July 27, 2024","Manchester, England, United Kingdom",Welterweight,N,W,Oban Elliott,Preston Parsons,0,0,44 of 125,36 of 93,35%,38%,49 of 142,71 of 133,1 of 2,1 of 9,50%,11%,0,0,0,0,4:56,1:58,"6' 0""",170 lbs.,"72""",Orthodox,"Dec 19, 1997",4.27,53%,2.17,61%,3.50,50%,0%,0.0, 11-2-0,"5' 11""",170 lbs.,"71""",Orthodox,"Jul 15, 1995",3.83,55%,3.18,51%,4.30,43%,80%,3.1, 11-5-0
"March 16, 2024","Las Vegas, Nevada, USA",Flyweight,N,W,Jafel Filho,Ode Osbourne,0,0,21 of 35,0 of 5,60%,0%,43 of 66,1 of 6,1 of 1,0 of 0,100%,---,2,0,0,0,3:21,0:04,"5' 7""",125 lbs.,"68""",Orthodox,"May 05, 1993",2.36,41%,2.00,47%,1.77,33%,55%,2.6, 16-3-0,"5' 7""",125 lbs.,"73""",Southpaw,"Jan 09, 1992",3.46,38%,4.44,44%,1.27,27%,64%,0.2, 12-7-0 (1 NC)
"June 08, 2024","Louisville, Kentucky, USA",Bantamweight,N,W,Brad Katona,Jesse Butler,0,0,68 of 113,30 of 82,60%,36%,148 of 217,32 of 90,3 of 3,0 of 0,100%,---,0,0,0,0,10:50,0:00,"5' 6""",135 lbs.,"64""",Orthodox,"Dec 19, 1991",4.69,51%,4.55,49%,1.71,33%,52%,0.0, 16-3-0,"5' 10""",135 lbs.,"73""",Orthodox,"May 24, 1992",2.02,34%,4.62,39%,0.00,0%,0%,0.0, 12-6-0
"June 22, 2024","Riyadh, Riyadh, Saudi Arabia",Bantamweight,N,L,Kyung Ho Kang,Muin Gafurov,0,0,12 of 35,47 of 71,34%,66%,119 of 152,110 of 144,3 of 11,1 of 3,27%,33%,0,0,0,1,4:56,6:38,"5' 9""",135 lbs.,"73""",Orthodox,"Sep 09, 1987",3.13,47%,3.32,54%,1.97,50%,68%,0.8, 19-11-0 (1 NC),"5' 7""",135 lbs.,"68""",Southpaw,"May 17, 1996",3.03,47%,2.25,50%,1.95,27%,68%,0.0, 19-6-0
"March 09, 2024","Miami, Florida, USA",Bantamweight,N,L,Pedro Munhoz,Kyler Phillips,0,0,52 of 140,114 of 275,37%,41%,52 of 140,115 of 276,1 of 8,0 of 0,12%,---,0,0,0,0,0:24,0:02,"5' 6""",135 lbs.,"65""",Orthodox,"Sep 07, 1986",5.32,43%,6.23,56%,0.51,18%,82%,0.5, 20-9-0 (2 NC),"5' 8""",135 lbs.,"72""",Orthodox,"Jun 12, 1995",5.72,45%,3.38,61%,2.41,46%,75%,0.5, 12-2-0
"May 04, 2024","Rio de Janeiro, Rio de Janeiro, Brazil",Lightweight,N,L,Joaquim Silva,Drakkar Klose,1,0,59 of 93,70 of 123,63%,56%,143 of 179,96 of 151,0 of 1,0 of 7,0%,0%,1,0,0,0,0:55,5:33,"5' 8""",155 lbs.,"69""",Southpaw,"Feb 05, 1989",3.66,43%,4.53,53%,0.39,50%,69%,0.8, 13-6-0,"5' 9""",155 lbs.,"70""",Orthodox,"Mar 09, 1988",4.37,55%,3.46,51%,1.58,26%,69%,0.0, 15-2-1
"July 13, 2024","Denver, Colorado, USA",Women's Flyweight,N,W,Luana Santos,Mariya Agapova,0,0,2 of 4,3 of 14,50%,21%,9 of 12,20 of 31,1 of 1,0 of 0,100%,---,3,0,0,0,2:23,0:00,"5' 6""",125 lbs.,"67""",Orthodox,"Apr 16, 2000",5.33,55%,3.21,65%,2.03,60%,66%,2.0, 8-1-0,"5' 6""",125 lbs.,"68""",Southpaw,"Apr 07, 1997",4.43,54%,3.62,52%,0.55,66%,45%,0.8, 10-5-0
"April 27, 2024","Las Vegas, Nevada, USA",Women's Strawweight,N,L,Marnic Mann,Ketlen Souza,0,0,31 of 77,80 of 116,40%,68%,111 of 159,93 of 132,2 of 5,1 of 2,40%,50%,1,0,1,1,2:54,3:11,"5' 0""",115 lbs.,"64""",Southpaw,"Mar 05, 1993",1.47,41%,5.08,31%,1.90,33%,25%,0.4, 6-3-0,"5' 3""",115 lbs.,"63""",Orthodox,"Aug 18, 1994",4.78,68%,2.03,60%,0.90,50%,50%,0.0, 14-4-0
"July 27, 2024","Manchester, England, United Kingdom",Light Heavyweight,N,W,Modestas Bukauskas,Marcin Prachnio,0,0,38 of 76,70 of 139,50%,50%,56 of 101,120 of 200,2 of 2,0 of 0,100%,---,1,0,0,0,5:31,0:09,"6' 3""",205 lbs.,"78""",Switch,"Feb 10, 1994",3.28,41%,3.87,50%,0.00,0%,71%,0.0, 16-6-0,"6' 3""",205 lbs.,"74""",Orthodox,"Jul 14, 1988",5.61,55%,3.30,54%,0.17,20%,58%,0.0, 17-8-0
"March 16, 2024","Las Vegas, Nevada, USA",Featherweight,N,L,Josh Culibao,Danny Silva,0,0,87 of 202,45 of 107,43%,42%,89 of 205,56 of 119,0 of 4,4 of 9,0%,44%,0,1,0,0,0:03,5:28,"5' 10""",145 lbs.,"73""",Orthodox,"May 24, 1994",3.20,42%,3.24,56%,0.00,0%,67%,0.3, 11-3-1,"5' 11""",145 lbs.,"70""",Switch,"Jan 30, 1997",8.30,58%,9.47,59%,3.00,50%,100%,0.5, 9-1-0
"June 29, 2024","Las Vegas, Nevada, USA",Women's Strawweight,N,L,Michelle Waterson-Gomez,Gillian Robertson,0,0,21 of 52,77 of 105,40%,73%,41 of 75,122 of 156,1 of 1,2 of 6,100%,33%,0,2,0,0,0:19,12:34,"5' 3""",115 lbs.,"62""",Orthodox,"Jan 06, 1986",3.42,46%,4.25,48%,1.39,33%,69%,0.6, 18-13-0,"5' 5""",115 lbs.,"63""",Orthodox,"May 17, 1995",2.83,48%,2.96,56%,2.48,42%,41%,1.1, 14-8-0
"April 13, 2024","Las Vegas, Nevada, USA",Lightweight,N,L,Jalin Turner,Renato Moicano,1,0,16 of 40,36 of 67,40%,53%,16 of 40,87 of 128,0 of 0,2 of 6,---,33%,0,0,0,0,0:02,5:50,"6' 3""",155 lbs.,"77""",Southpaw,"May 18, 1995",5.60,48%,4.57,41%,0.79,55%,74%,1.1, 14-8-0,"5' 11""",155 lbs.,"72""",Orthodox,"May 21, 1989",4.38,48%,3.68,60%,1.89,45%,72%,0.6, 19-5-1
"June 08, 2024","Louisville, Kentucky, USA",Women's Flyweight,N,L,Andrea Lee,Montana De La Rosa,0,0,75 of 152,70 of 180,49%,38%,115 of 201,88 of 206,0 of 2,3 of 6,0%,50%,0,1,2,0,2:08,2:09,"5' 6""",125 lbs.,"69""",Orthodox,"Feb 11, 1989",4.71,46%,3.83,62%,1.70,55%,54%,0.6, 13-10-0,"5' 7""",125 lbs.,"68""",Orthodox,"Feb 14, 1995",2.90,37%,3.39,45%,1.85,33%,68%,0.8, 13-9-1
"June 22, 2024","Riyadh, Riyadh, Saudi Arabia",Light Heavyweight,N,W,Magomed Gadzhiyasulov,Brendson Ribeiro,0,0,26 of 39,17 of 35,66%,48%,93 of 135,29 of 51,5 of 5,3 of 6,100%,50%,0,1,0,1,9:59,1:56,"6' 2""",205 lbs.,"75""",Orthodox,"Nov 04, 1993",3.30,50%,1.37,67%,5.50,91%,57%,0.0, 9-0-0,"6' 3""",205 lbs.,"81""",Orthodox,"Sep 08, 1996",3.08,46%,3.08,49%,2.20,50%,0%,0.7, 15-7-0 (1 NC)
"March 09, 2024","Miami, Florida, USA",Light Heavyweight,N,L,Ion Cutelaba,Philipe Lins,0,0,47 of 97,67 of 115,48%,58%,119 of 171,73 of 121,0 of 1,2 of 7,0%,28%,0,0,0,0,0:16,5:34,"6' 1""",205 lbs.,"75""",Southpaw,"Dec 14, 1993",4.44,43%,3.43,47%,4.17,57%,76%,0.0, 17-10-1 (1 NC),"6' 2""",205 lbs.,"78""",Orthodox,"Aug 17, 1985",3.80,49%,3.59,46%,1.65,33%,100%,0.0, 18-5-0
"May 04, 2024","Rio de Janeiro, Rio de Janeiro, Brazil",Lightweight,N,W,Mauricio Ruffy,Jamie Mullarkey,1,0,25 of 40,14 of 38,62%,36%,25 of 40,14 of 38,0 of 1,0 of 0,0%,---,0,0,0,0,0:04,0:00,"5' 11""",155 lbs.,"75""",Orthodox,"Jun 17, 1996",4.88,59%,3.80,59%,0.00,0%,100%,0.0, 10-1-0,"6' 0""",155 lbs.,"74""",Orthodox,"Aug 17, 1994",4.39,46%,4.53,53%,2.31,34%,78%,0.1, 17-8-0
"July 13, 2024","Denver, Colorado, USA",Middleweight,N,L,Josh Fremd,Andre Petroski,0,0,16 of 24,12 of 18,66%,66%,60 of 74,30 of 51,0 of 0,3 of 4,---,75%,0,1,0,0,0:13,12:50,"6' 4""",185 lbs.,"76""",Orthodox,"Jan 15, 1994",2.52,44%,2.23,47%,0.66,25%,30%,1.1, 11-6-0,"6' 0""",185 lbs.,"73""",Switch,"Jun 12, 1991",3.00,50%,2.70,50%,4.07,56%,80%,2.0, 11-4-0
"July 27, 2024","Manchester, England, United Kingdom",Welterweight,N,W,Sam Patterson,Kiefer Crosbie,0,0,9 of 26,9 of 16,34%,56%,13 of 31,10 of 17,1 of 1,0 of 0,100%,---,1,0,0,0,0:56,0:15,"6' 3""",170 lbs.,"78""",Orthodox,"Apr 30, 1996",2.54,38%,3.41,49%,1.19,100%,33%,3.6, 12-2-1,"5' 11""",170 lbs.,"70""",Switch,"Apr 05, 1990",8.10,66%,6.02,50%,0.00,0%,0%,0.0, 10-5-0
"April 27, 2024","Las Vegas, Nevada, USA",Lightweight,N,L,James Llontop,Chris Padilla,0,0,19 of 40,12 of 26,47%,46%,19 of 40,14 of 29,0 of 0,3 of 3,---,100%,0,1,0,0,0:00,1:20,"6' 0""",155 lbs.,"73""",Orthodox,"Aug 02, 1999",4.76,52%,2.10,70%,0.00,0%,50%,0.0, 14-3-0,"5' 9""",155 lbs.,"74""",Orthodox,"Sep 14, 1995",2.64,46%,4.18,52%,9.89,100%,0%,3.3, 14-6-0
"March 16, 2024","Las Vegas, Nevada, USA",Women's Strawweight,N,W,Jaqueline Amorim,Cory McKenna,0,0,3 of 5,4 of 11,60%,36%,3 of 5,8 of 17,0 of 0,1 of 1,---,100%,4,0,0,0,0:00,0:56,"5' 3""",115 lbs.,"68""",Orthodox,"Jun 24, 1995",3.33,52%,1.85,62%,1.48,23%,0%,5.4, 8-1-0,"5' 3""",115 lbs.,"58""",Orthodox,"Jul 11, 1999",3.00,40%,3.19,48%,2.22,58%,71%,0.4, 8-3-0
"April 13, 2024","Las Vegas, Nevada, USA",Women's Strawweight,N,W,Jessica Andrade,Marina Rodriguez,0,0,89 of 180,82 of 228,49%,35%,124 of 220,94 of 241,1 of 1,0 of 0,100%,---,0,1,0,0,3:53,0:00,"5' 1""",125 lbs.,"62""",Orthodox,"Sep 25, 1991",6.62,50%,5.37,55%,2.37,55%,72%,0.3, 26-12-0,"5' 6""",115 lbs.,"65""",Orthodox,"Apr 29, 1987",4.82,47%,3.12,55%,0.23,42%,65%,0.2, 17-4-2
"June 29, 2024","Las Vegas, Nevada, USA",Heavyweight,N,L,Andrei Arlovski,Martin Buday,0,0,74 of 119,54 of 84,62%,64%,98 of 147,165 of 199,0 of 1,0 of 0,0%,---,0,0,0,0,4:58,2:40,"6' 3""",240 lbs.,"77""",Orthodox,"Feb 04, 1979",3.82,45%,3.22,57%,0.37,35%,76%,0.2, 34-24-0 (2 NC),"6' 4""",265 lbs.,"77""",Orthodox,"Nov 11, 1991",4.84,53%,5.54,52%,0.21,25%,100%,0.2, 14-2-0
"June 08, 2024","Louisville, Kentucky, USA",Bantamweight,N,L,John Castaneda,Daniel Marcos,0,1,60 of 123,98 of 171,48%,57%,68 of 134,101 of 177,1 of 5,0 of 0,20%,---,0,0,0,0,2:12,0:57,"5' 6""",135 lbs.,"71""",Switch,"Dec 18, 1991",4.67,50%,5.22,54%,1.79,35%,71%,0.1, 21-7-0,"5' 7""",135 lbs.,"69""",Orthodox,"Mar 07, 1993",5.94,52%,4.00,63%,0.25,50%,87%,0.0, 16-0-0 (1 NC)
"March 09, 2024","Miami, Florida, USA",Middleweight,N,W,Michel Pereira,Michal Oleksiejczuk,0,0,11 of 15,1 of 4,73%,25%,11 of 15,1 of 4,0 of 0,0 of 0,---,---,1,0,0,0,0:18,0:00,"6' 1""",185 lbs.,"73""",Orthodox,"Oct 06, 1993",5.16,54%,3.70,58%,1.53,55%,94%,0.8, 31-11-0 (2 NC),"6' 0""",185 lbs.,"74""",Southpaw,"Feb 22, 1995",5.07,50%,4.27,61%,0.73,44%,48%,0.0, 19-8-0 (1 NC)
"June 22, 2024","Riyadh, Riyadh, Saudi Arabia",Bantamweight,N,L,Xiao Long,ChangHo Lee,0,0,68 of 103,84 of 119,66%,70%,135 of 187,173 of 228,2 of 5,2 of 9,40%,22%,0,0,0,0,6:19,1:48,"5' 8""",135 lbs.,"70""",Orthodox,"Apr 13, 1998",4.98,52%,4.02,48%,1.00,30%,78%,0.0, 26-8-0,"5' 8""",135 lbs.,"69""",Orthodox,"May 09, 1994",4.90,70%,2.65,37%,3.24,30%,38%,0.0, 10-1-0
"May 04, 2024","Rio de Janeiro, Rio de Janeiro, Brazil",Women's Flyweight,N,W,Dione Barbosa,Ernesta Kareckaite,0,0,39 of 71,53 of 156,54%,33%,87 of 124,100 of 220,2 of 11,1 of 1,18%,100%,1,0,1,3,3:51,3:25,"5' 6""",125 lbs.,"66""",Orthodox,"May 08, 1992",1.85,48%,2.49,66%,1.73,28%,42%,2.2, 7-3-0,"5' 9""",125 lbs.,"71""",Orthodox,"Jul 05, 1998",7.90,42%,6.90,43%,1.00,66%,86%,0.0, 5-1-1
"July 13, 2024","Denver, Colorado, USA",Welterweight,N,W,Evan Elder,Darrius Flowers,0,0,45 of 86,24 of 60,52%,40%,61 of 104,26 of 65,0 of 1,1 of 2,0%,50%,1,0,1,1,2:01,0:28,"5' 10""",155 lbs.,"72""",Switch,"Apr 11, 1997",5.02,49%,4.79,57%,0.63,20%,33%,0.6, 9-2-0,"5' 9""",155 lbs.,"71""",Orthodox,"Aug 25, 1994",3.07,49%,5.49,44%,0.98,28%,63%,0.0, 12-8-1
"July 27, 2024","Manchester, England, United Kingdom",Heavyweight,N,W,Mick Parkin,Lukasz Brzeski,1,0,34 of 52,24 of 42,65%,57%,34 of 52,26 of 44,0 of 0,0 of 0,---,---,0,0,0,0,0:02,0:00,"6' 4""",265 lbs.,"79""",Orthodox,"Oct 02, 1995",4.54,51%,3.94,59%,1.60,41%,50%,0.3, 10-0-0,"6' 4""",236 lbs.,"78""",Orthodox,"May 17, 1992",4.78,49%,3.15,56%,0.48,50%,36%,0.5, 9-5-1 (1 NC)
"April 27, 2024","Las Vegas, Nevada, USA",Women's Flyweight,N,W,Ivana Petrovic,Liang Na,0,0,36 of 73,24 of 52,49%,46%,101 of 150,49 of 89,3 of 4,1 of 2,75%,50%,1,0,1,1,5:37,2:51,"5' 8""",125 lbs.,"70""",Southpaw,"Jun 11, 1994",2.19,42%,2.45,53%,2.83,50%,60%,1.7, 7-1-0,"5' 5""",125 lbs.,"67""",Orthodox,"Jul 27, 1996",1.99,42%,3.95,36%,3.60,58%,25%,0.5, 19-8-0
"March 16, 2024","Las Vegas, Nevada, USA",Lightweight,N,W,Thiago Moises,Mitch Ramirez,1,0,25 of 39,16 of 48,64%,33%,53 of 72,28 of 65,2 of 2,0 of 0,100%,---,1,0,0,0,6:36,0:21,"5' 9""",155 lbs.,"70""",Orthodox,"Mar 23, 1995",2.39,40%,4.14,54%,1.47,35%,55%,1.3, 18-8-0,"5' 11""",155 lbs.,"71""",Orthodox,"Nov 03, 1992",2.37,42%,3.34,36%,0.91,100%,0%,0.0, 8-2-0
"April 13, 2024","Las Vegas, Nevada, USA",Lightweight,N,W,King Green,Jim Miller,1,0,186 of 319,57 of 144,58%,39%,187 of 320,58 of 145,1 of 1,0 of 0,100%,---,0,0,0,0,0:54,0:01,"5' 10""",155 lbs.,"71""",Orthodox,"Sep 09, 1986",6.45,52%,3.75,62%,1.19,38%,74%,0.3, 32-16-1 (1 NC),"5' 8""",155 lbs.,"71""",Southpaw,"Aug 30, 1983",2.99,42%,3.50,56%,1.53,44%,47%,1.7, 37-18-0 (1 NC)
"June 08, 2024","Louisville, Kentucky, USA",Women's Strawweight,N,L,Eduarda Moura,Denise Gomes,0,0,18 of 47,50 of 88,38%,56%,27 of 66,137 of 184,5 of 26,0 of 1,19%,0%,0,1,0,2,6:36,2:20,"5' 6""",115 lbs.,"66""",Orthodox,"Feb 28, 1994",3.09,57%,2.10,51%,5.15,30%,100%,0.6, 10-1-0,"5' 2""",115 lbs.,"63""",Orthodox,"Dec 30, 1999",4.48,49%,3.12,50%,0.88,30%,66%,0.9, 9-3-0
"June 29, 2024","Las Vegas, Nevada, USA",Flyweight,N,W,Rei Tsuruya,Carlos Hernandez,0,0,17 of 32,16 of 32,53%,50%,62 of 83,26 of 45,3 of 8,1 of 2,37%,50%,0,0,0,0,6:19,4:29,"5' 6""",125 lbs.,"68""",Orthodox,"Jun 22, 2002",2.28,60%,1.31,46%,5.45,50%,50%,2.5, 10-0-0,"5' 8""",125 lbs.,"67""",Orthodox,"Oct 25, 1993",4.11,46%,3.80,46%,1.08,17%,64%,0.2, 9-4-0
"March 09, 2024","Miami, Florida, USA",Heavyweight,N,W,Robelis Despaigne,Josh Parisian,1,0,7 of 9,2 of 5,77%,40%,7 of 9,2 of 5,0 of 0,0 of 0,---,---,0,0,0,0,0:02,0:00,"6' 7""",265 lbs.,"84""",Orthodox,"Sep 09, 1988",2.16,54%,3.53,49%,0.00,0%,25%,0.0, 5-1-0,"6' 4""",265 lbs.,"79""",Orthodox,"Jun 28, 1989",4.55,48%,4.88,41%,0.98,33%,46%,0.2, 15-8-0
"May 04, 2024","Rio de Janeiro, Rio de Janeiro, Brazil",Lightweight,N,W,Ismael Bonfim,Vinc Pichel,0,0,111 of 216,61 of 142,51%,42%,112 of 217,64 of 147,1 of 2,1 of 2,50%,50%,0,0,0,0,0:30,0:29,"5' 8""",155 lbs.,"71""",Orthodox,"Dec 28, 1995",5.80,54%,3.16,70%,1.07,33%,76%,0.0, 20-4-0,"5' 10""",155 lbs.,"72""",Orthodox,"Nov 23, 1982",3.62,46%,3.05,55%,2.78,54%,25%,0.2, 14-4-0
"July 27, 2024","Manchester, England, United Kingdom",Women's Strawweight,N,W,Shauna Bannon,Alice Ardelean,0,0,77 of 169,57 of 105,45%,54%,151 of 252,80 of 139,0 of 2,2 of 4,0%,50%,0,0,0,0,0:10,5:54,"5' 5""",115 lbs.,"65""",Switch,"Oct 23, 1993",3.60,37%,3.73,37%,0.00,0%,33%,0.0, 6-1-0,"5' 3""",115 lbs.,"62""",Orthodox,"Apr 19, 1992",0.00,0%,0.00,0%,0.00,0%,0%,0.0, 9-6-0
"April 27, 2024","Las Vegas, Nevada, USA",Lightweight,N,L,Gabriel Benitez,Maheshate,0,0,121 of 295,97 of 312,41%,31%,121 of 296,97 of 312,0 of 0,0 of 0,---,---,0,0,0,0,0:00,0:03,"5' 8""",155 lbs.,"71""",Southpaw,"Jun 15, 1988",5.26,41%,4.49,63%,0.22,50%,55%,0.9, 23-13-0,"6' 0""",155 lbs.,"71""",Orthodox,"Dec 01, 1999",3.90,28%,5.76,53%,0.00,0%,45%,0.0, 10-3-0
"March 16, 2024","Las Vegas, Nevada, USA",Bantamweight,N,L,Charalampos Grigoriou,Chad Anheliger,0,0,21 of 65,85 of 155,32%,54%,26 of 70,144 of 220,4 of 5,0 of 2,80%,0%,0,0,0,0,5:24,1:34,"5' 7""",135 lbs.,"67""",Orthodox,"Mar 31, 1992",2.13,40%,5.56,46%,3.75,80%,100%,0.0, 8-4-0,"5' 6""",135 lbs.,"64""",Orthodox,"Dec 01, 1986",3.60,45%,3.11,53%,0.82,30%,42%,0.6, 13-7-0
"April 13, 2024","Las Vegas, Nevada, USA",Bantamweight,N,W,Deiveson Figueiredo,Cody Garbrandt,0,0,13 of 19,16 of 31,68%,51%,21 of 27,18 of 33,1 of 5,0 of 0,20%,---,2,0,0,0,3:43,0:02,"5' 5""",135 lbs.,"68""",Orthodox,"Dec 18, 1987",3.01,55%,3.38,50%,1.65,42%,58%,1.7, 23-3-1,"5' 8""",135 lbs.,"65""",Orthodox,"Jul 07, 1991",2.98,40%,3.76,60%,1.03,34%,80%,0.0, 14-6-0
"June 08, 2024","Louisville, Kentucky, USA",Bantamweight,N,L,Cody Stamann,Taylor Lapilus,0,0,59 of 143,100 of 180,41%,55%,64 of 150,107 of 190,1 of 6,0 of 0,16%,---,0,0,0,0,3:24,0:27,"5' 6""",135 lbs.,"64""",Orthodox,"Nov 09, 1989",4.35,47%,3.89,60%,2.22,37%,76%,0.0, 21-7-1,"5' 6""",135 lbs.,"73""",Southpaw,"Apr 08, 1992",4.33,48%,2.61,60%,0.31,40%,78%,0.3, 20-4-0
"June 29, 2024","Las Vegas, Nevada, USA",Bantamweight,N,L,Ricky Simon,Vinicius Oliveira,0,0,42 of 96,96 of 237,43%,40%,44 of 98,96 of 237,2 of 11,1 of 1,18%,100%,0,0,0,0,0:31,0:16,"5' 6""",135 lbs.,"69""",Orthodox,"Aug 31, 1992",2.99,43%,3.84,61%,5.20,44%,75%,0.3, 20-6-0,"5' 9""",135 lbs.,"70""",Switch,"Nov 30, 1995",5.87,43%,2.87,53%,1.38,60%,68%,0.0, 21-3-0
"March 09, 2024","Miami, Florida, USA",Flyweight,N,L,CJ Vergara,Asu Almabayev,0,0,29 of 53,44 of 77,54%,57%,66 of 92,85 of 132,0 of 0,9 of 14,---,64%,0,0,0,0,0:14,9:32,"5' 6""",125 lbs.,"68""",Orthodox,"Jun 18, 1991",5.24,57%,4.62,52%,0.00,0%,60%,0.2, 12-5-1,"5' 4""",125 lbs.,"65""",Orthodox,"Jan 25, 1994",2.36,61%,1.00,58%,6.68,56%,0%,2.4, 20-2-0
"May 04, 2024","Rio de Janeiro, Rio de Janeiro, Brazil",Flyweight,N,W,Alessandro Costa,Kevin Borjas,1,0,46 of 86,18 of 56,53%,32%,60 of 104,18 of 56,0 of 2,0 of 2,0%,0%,0,0,0,0,0:43,0:00,"5' 4""",125 lbs.,"67""",Orthodox,"Jan 28, 1996",4.14,47%,3.50,57%,0.27,12%,90%,0.0, 14-4-0,"5' 5""",125 lbs.,"68""",Orthodox,"Dec 06, 1997",4.92,40%,6.70,49%,0.00,0%,61%,0.0, 9-3-0
"June 08, 2024","Louisville, Kentucky, USA",Women's Strawweight,N,L,Rayanne dos Santos,Puja Tomar,0,0,84 of 150,95 of 199,56%,47%,86 of 152,99 of 203,0 of 3,0 of 0,0%,---,0,0,0,0,0:49,0:11,"5' 2""",115 lbs.,"62""",Orthodox,"Jun 08, 1995",4.36,43%,5.20,61%,0.33,12%,88%,0.0, 14-8-0,"5' 4""",115 lbs.,"59""",Southpaw,"Dec 05, 1993",6.33,47%,5.60,44%,0.00,0%,100%,0.0, 9-4-0
"March 09, 2024","Miami, Florida, USA",Women's Flyweight,N,W,Joanne Wood,Maryna Moroz,0,0,136 of 249,102 of 195,54%,52%,173 of 290,156 of 255,1 of 1,1 of 2,100%,50%,0,0,0,0,0:12,6:11,"5' 6""",125 lbs.,"65""",Orthodox,"Dec 23, 1985",7.10,51%,4.89,51%,1.52,55%,58%,0.3, 17-8-0,"5' 7""",125 lbs.,"67""",Orthodox,"Sep 08, 1991",4.42,33%,4.89,51%,0.70,24%,42%,0.6, 11-6-0
